input_address,txId
37h9askPREuzsw66gSkzdg1x2KrTN4yRj5,378500721
156UcFQenpqx2uM13tGPeCni94grp6drwY,2226596
19pKf2xPgjC3MTx6rpwpE18pRqBsQhKeKT,268791616
1AuE39Kphm9s5DYX1pstQdgZbzAyeWCv5y,268791616
1G6FsPYGEUAextwRe9LHafQ8KCYNfKkV7q,268791616
1Hd2YiEHCE8Xzgbaf3fuw2Y9zbNANv9ngB,268791616
1Ji6buPRa4arPSzPhwBQ3uhrzNbrPadwi9,268791616
12SYpGBHHEXzNs287JecmMSVwkred69jD8,268791616
1D64LmNG41M3kRUXKBgTFeEGySumiZTLfz,268791616
1LVFjWDWsicSj83Jm2F3UvQ8ym9P2CmWLs,268791616
17cJX7uw43aEckGKJfwfhPrxAwT5M3UV1U,268791616
19JgKRx82bU6U4gQtDQZgtEParp125652M,268791616
1QGvWPGzADUDBbECVBUqdtJg8efoBxp8mc,268791616
1YN2DshmSgueytJCGqCYNNrRNR4Ah7QAv,268791616
12z4c1oy3gBtawj4ZnPWndZA1GP2Vfof4N,268791616
1CBSYpkpYDjfaN1n99EdtGvyah5A5TTNQP,268791616
1BVWXHgxibTpV7ApDyugLrPPa57dMEaTXY,268791616
1MSDuGfm5gpegaLg3RoMDGDVEiLJfoaxnp,268791616
1JQ55T2K7AoqY1KC8BS1npT2aqfeVpseL4,268791616
1KUkXYwW2U3zZ5vFBKd7cAW4SnbHFEbHT9,268791616
18sqyWNPG7YNJJ34qkmj8FKs5j3H6ojzKj,268791616
15eRPnrKkc7meb9tr2FkUd7y3w5AoLuGvC,268791616
1C9deiGtSM591bN7RkRF8bqgKt8RMb13ds,268791616
17nfwCJbVY7cB6JRDek4mBt4pLneQfvKPu,268791616
1B5rHvU8ddxNCX6hSjan72WxvKnorJAZMC,87501000
1xpmKmLR2wm2hSJCnhsypmCB5d9HzsRG1,50030829
13SND53RSx7HP8adimBG8gLe2Lh1mKdV7v,212464043
17RgY9CChkNfYzAQ797DPJva6sUEL4F7ai,212463788
18FjkjwfQKTfEEX1y8m9SuytBnhw7ATtRw,84452018
17pUe6Nm1hW1FKMLM3SrEiMxxYeZyTkk5b,84452029
1Mn6M8A4m8TDWRc8Tq8g8h8sRCRYFrabsS,84714618
1PvcGHJx1oTkwSWj9SGzeDVXnCP2qM65kw,1219660
19FaQU9AzsvxxWjBhZ9VNXrSKS1we1shzM,1260460
188ysVJUL97CA5GcKpakqXvKu4wPMRjWCd,1260557
1BCwNmPs2pxThBWG68YrPpbTpHzHj1LnN6,1891081
1NGhgi9LkRRGoEcwgKEufQBFLDAHuBztEh,18896540
1G4aCPNSkakgxTEn6Pdw52YTtyAivVq8w5,163620145
1NH33FGmqNvtw5VnYgv6G6RU5bZ8bZXhnu,1066033
18Uxz941JjHXkKsHfitmhmYfKwm9GYwNpw,328838
1LfufyHFu2uXmT9UbUiEQZHKXoYZ8iV9uD,20543946
18WiBkmTZCEPex98PugLNUyi4WQGzYUmsx,12112057
1GybHtncmGgqDFUCibcV74TyUPs3yXGZAc,12112057
1KyLYGoY16bsyuh8XWcbFFNVtm7gZNTfW,12112057
1Gu9ineGpguekKw3nwFCydgqYjnARemdu,12112057
1h9GUrZPU4wZSrefbq4RyZobrYt8fKsnG,12112057
17wyX4w5KgjXGhr1RhGumTjfXQyKW1aa3S,7867126
1MadbNbjPZ7ACQu2nz3GFB6uD8tSTzDCc3,7867126
1PqEwJAkTFkymqkfKEmADhxJaY2vRHxtWc,97229578
1DNidFramQ799CxoPayk98TMVcA6ctz1Mq,97231180
1GJHAZSZSAN5DVddwgcvFzMC1yBDgjYDoZ,94138127
1MmU5aBXVbnTKZfUb4LQg8M31WquJjyxkD,94138891
15EbDH2HuuipfncSe15xDJNF7G429bFHdh,94139138
1CWrtrcWFswwfSze76pEpfcbrSSn21enbi,94139138
1Hcamunvzc8BfLKT6J2UEqqERHXsKgKHz5,94363134
14bYFMoMEibtEPJD4ZuRHLhizjERqicgia,94309857
1Atgq7Lh12cTM5AnBKsekWf6Y9kx8iX4x1,94309857
173SSopxuWUWR1Khg99CEV2k8F6sU7fY6Q,94309859
15qW1RZqCfQveLHJkk9Egd8M7gAu6Crret,91941736
187kdQQkJQ1bkvqGPGCoZWTBiJ27ym9Cop,91941736
1Cn2MgZaWr9W9iedMz9kVethZe3x1ThmxM,94363133
18TUymRHseWF3UaGneUxwug5UhxwVX1sUU,99274520
16krTPWeAgszUHTByHEi6kGikGQo8MacRJ,143705
1eshJFg9uctEyKRLJ8yMkoPpkcUCWpzxv,1820160
14ibyU1iKPsvn59f5dNvV9BjDZDCiCogw2,219703225
1Hv8atp7ZpfrT88AFf8ew7oTSYNkcSTo46,112876603
1K5x58eFrQQ3FcYm5r7QqSMoG12HLr7QQs,3289046
13vEuTUCzbFTktTAzur9oDhsZrkCkqVAfU,3289046
1FyGps4qppFv6p8PHgM6WfWtRwcGmG6qsv,3289046
1FQFQtfr6ifBUNRZM5knpQ6kdd33moXhVx,3289046
1Ab9qNChRVD9LEZPeNQXjYcVDbVRWx3Bse,3289046
1Fc5QejBLfGPGep1h4Xq2p3Z7AHfdWpThC,3289046
1NXoto7aQBYAeQdNmRrD4bZUkBYSrkP1Cj,3289046
1JeMPq6yMWaSGw6DUyWGEJC6DcmK3nFmdX,3289046
18VfEqbvnFcezUjxG2R6qzGRKv1ZJvdupD,3289046
19gaRNqZPQwPhJYEUSjXE4pPzquo65gRAM,3289046
1AAc39vLe5pak1juHjQuSEnzCZxa4zjAQg,3289046
13EFHxj7Qy2nQHZQzS5Va4JiZCQnVV3yQm,3289046
1EzSG3Btjfy91hSqwxyMDBoyrtMRzNLi6D,3289046
15FjYqSGgJxh5VsdxscBt759UYSE1Mteh1,3289046
1Q5n2Jya5k2rDg5jiHh27UEo9oVDztaT3e,3289046
16AFZqDU8HmDp6bF7h32aZ32ipGqSbxiAG,3394196
1AEW6z8CC164LnSYSAaKFWzzRT5Ej8BWUm,83360184