txId,output_address
269076112,37h9askPREuzsw66gSkzdg1x2KrTN4yRj5
290225286,37h9askPREuzsw66gSkzdg1x2KrTN4yRj5
378052041,37h9askPREuzsw66gSkzdg1x2KrTN4yRj5
316828341,37h9askPREuzsw66gSkzdg1x2KrTN4yRj5
378052295,37h9askPREuzsw66gSkzdg1x2KrTN4yRj5
378052550,37h9askPREuzsw66gSkzdg1x2KrTN4yRj5
378052556,37h9askPREuzsw66gSkzdg1x2KrTN4yRj5
310707582,37h9askPREuzsw66gSkzdg1x2KrTN4yRj5
171071129,37h9askPREuzsw66gSkzdg1x2KrTN4yRj5
378052758,37h9askPREuzsw66gSkzdg1x2KrTN4yRj5
378052760,37h9askPREuzsw66gSkzdg1x2KrTN4yRj5
378052761,37h9askPREuzsw66gSkzdg1x2KrTN4yRj5
378052763,37h9askPREuzsw66gSkzdg1x2KrTN4yRj5
378052766,37h9askPREuzsw66gSkzdg1x2KrTN4yRj5
378052770,37h9askPREuzsw66gSkzdg1x2KrTN4yRj5
378052924,37h9askPREuzsw66gSkzdg1x2KrTN4yRj5
378052926,37h9askPREuzsw66gSkzdg1x2KrTN4yRj5
378052927,37h9askPREuzsw66gSkzdg1x2KrTN4yRj5
378052930,37h9askPREuzsw66gSkzdg1x2KrTN4yRj5
378052934,37h9askPREuzsw66gSkzdg1x2KrTN4yRj5
290505826,37h9askPREuzsw66gSkzdg1x2KrTN4yRj5
378052963,37h9askPREuzsw66gSkzdg1x2KrTN4yRj5
378055875,37h9askPREuzsw66gSkzdg1x2KrTN4yRj5
378055877,37h9askPREuzsw66gSkzdg1x2KrTN4yRj5
378055943,37h9askPREuzsw66gSkzdg1x2KrTN4yRj5
378139962,37h9askPREuzsw66gSkzdg1x2KrTN4yRj5
378142795,37h9askPREuzsw66gSkzdg1x2KrTN4yRj5
309633744,37h9askPREuzsw66gSkzdg1x2KrTN4yRj5
378145633,37h9askPREuzsw66gSkzdg1x2KrTN4yRj5
378145638,37h9askPREuzsw66gSkzdg1x2KrTN4yRj5
352901409,37h9askPREuzsw66gSkzdg1x2KrTN4yRj5
378146815,37h9askPREuzsw66gSkzdg1x2KrTN4yRj5
378146975,37h9askPREuzsw66gSkzdg1x2KrTN4yRj5
378148603,37h9askPREuzsw66gSkzdg1x2KrTN4yRj5
378148605,37h9askPREuzsw66gSkzdg1x2KrTN4yRj5
378148607,37h9askPREuzsw66gSkzdg1x2KrTN4yRj5
331120218,37h9askPREuzsw66gSkzdg1x2KrTN4yRj5
378148645,37h9askPREuzsw66gSkzdg1x2KrTN4yRj5
292524039,37h9askPREuzsw66gSkzdg1x2KrTN4yRj5
378148765,37h9askPREuzsw66gSkzdg1x2KrTN4yRj5
375569852,37h9askPREuzsw66gSkzdg1x2KrTN4yRj5
378148768,37h9askPREuzsw66gSkzdg1x2KrTN4yRj5
378148776,37h9askPREuzsw66gSkzdg1x2KrTN4yRj5
378148779,37h9askPREuzsw66gSkzdg1x2KrTN4yRj5
378148782,37h9askPREuzsw66gSkzdg1x2KrTN4yRj5
348565148,37h9askPREuzsw66gSkzdg1x2KrTN4yRj5
378148895,37h9askPREuzsw66gSkzdg1x2KrTN4yRj5
303687926,37h9askPREuzsw66gSkzdg1x2KrTN4yRj5
287417011,37h9askPREuzsw66gSkzdg1x2KrTN4yRj5
378149058,37h9askPREuzsw66gSkzdg1x2KrTN4yRj5
378242673,37h9askPREuzsw66gSkzdg1x2KrTN4yRj5
378242747,37h9askPREuzsw66gSkzdg1x2KrTN4yRj5
378242751,37h9askPREuzsw66gSkzdg1x2KrTN4yRj5
378242878,37h9askPREuzsw66gSkzdg1x2KrTN4yRj5
378243045,37h9askPREuzsw66gSkzdg1x2KrTN4yRj5
243680530,37h9askPREuzsw66gSkzdg1x2KrTN4yRj5
368466600,37h9askPREuzsw66gSkzdg1x2KrTN4yRj5
378243096,37h9askPREuzsw66gSkzdg1x2KrTN4yRj5
378243103,37h9askPREuzsw66gSkzdg1x2KrTN4yRj5
378243107,37h9askPREuzsw66gSkzdg1x2KrTN4yRj5
378243270,37h9askPREuzsw66gSkzdg1x2KrTN4yRj5
378243421,37h9askPREuzsw66gSkzdg1x2KrTN4yRj5
378243427,37h9askPREuzsw66gSkzdg1x2KrTN4yRj5
378243430,37h9askPREuzsw66gSkzdg1x2KrTN4yRj5
378243434,37h9askPREuzsw66gSkzdg1x2KrTN4yRj5
378243437,37h9askPREuzsw66gSkzdg1x2KrTN4yRj5
378243439,37h9askPREuzsw66gSkzdg1x2KrTN4yRj5
378243443,37h9askPREuzsw66gSkzdg1x2KrTN4yRj5
378243446,37h9askPREuzsw66gSkzdg1x2KrTN4yRj5
350788461,37h9askPREuzsw66gSkzdg1x2KrTN4yRj5
378243677,37h9askPREuzsw66gSkzdg1x2KrTN4yRj5
378243691,37h9askPREuzsw66gSkzdg1x2KrTN4yRj5
378243879,37h9askPREuzsw66gSkzdg1x2KrTN4yRj5
378243882,37h9askPREuzsw66gSkzdg1x2KrTN4yRj5
288859053,37h9askPREuzsw66gSkzdg1x2KrTN4yRj5
378319111,37h9askPREuzsw66gSkzdg1x2KrTN4yRj5
378319114,37h9askPREuzsw66gSkzdg1x2KrTN4yRj5
378319120,37h9askPREuzsw66gSkzdg1x2KrTN4yRj5
378319311,37h9askPREuzsw66gSkzdg1x2KrTN4yRj5
378319314,37h9askPREuzsw66gSkzdg1x2KrTN4yRj5
378319316,37h9askPREuzsw66gSkzdg1x2KrTN4yRj5
309540793,37h9askPREuzsw66gSkzdg1x2KrTN4yRj5
378319321,37h9askPREuzsw66gSkzdg1x2KrTN4yRj5
378319442,37h9askPREuzsw66gSkzdg1x2KrTN4yRj5
378319445,37h9askPREuzsw66gSkzdg1x2KrTN4yRj5
308697111,37h9askPREuzsw66gSkzdg1x2KrTN4yRj5
307568465,37h9askPREuzsw66gSkzdg1x2KrTN4yRj5
378319478,37h9askPREuzsw66gSkzdg1x2KrTN4yRj5
378319484,37h9askPREuzsw66gSkzdg1x2KrTN4yRj5
378319487,37h9askPREuzsw66gSkzdg1x2KrTN4yRj5
251040043,37h9askPREuzsw66gSkzdg1x2KrTN4yRj5
378320368,37h9askPREuzsw66gSkzdg1x2KrTN4yRj5
357527982,37h9askPREuzsw66gSkzdg1x2KrTN4yRj5
217814098,37h9askPREuzsw66gSkzdg1x2KrTN4yRj5
378320506,37h9askPREuzsw66gSkzdg1x2KrTN4yRj5
378320511,37h9askPREuzsw66gSkzdg1x2KrTN4yRj5
262352925,37h9askPREuzsw66gSkzdg1x2KrTN4yRj5
308287720,37h9askPREuzsw66gSkzdg1x2KrTN4yRj5
251096235,37h9askPREuzsw66gSkzdg1x2KrTN4yRj5
287269721,37h9askPREuzsw66gSkzdg1x2KrTN4yRj5
378398651,37h9askPREuzsw66gSkzdg1x2KrTN4yRj5
378398655,37h9askPREuzsw66gSkzdg1x2KrTN4yRj5
378398658,37h9askPREuzsw66gSkzdg1x2KrTN4yRj5
264216610,37h9askPREuzsw66gSkzdg1x2KrTN4yRj5
378398666,37h9askPREuzsw66gSkzdg1x2KrTN4yRj5
378399195,37h9askPREuzsw66gSkzdg1x2KrTN4yRj5
378399220,37h9askPREuzsw66gSkzdg1x2KrTN4yRj5
291560451,37h9askPREuzsw66gSkzdg1x2KrTN4yRj5
378400249,37h9askPREuzsw66gSkzdg1x2KrTN4yRj5
26139965,37h9askPREuzsw66gSkzdg1x2KrTN4yRj5
378400279,37h9askPREuzsw66gSkzdg1x2KrTN4yRj5
326059692,37h9askPREuzsw66gSkzdg1x2KrTN4yRj5
378403675,37h9askPREuzsw66gSkzdg1x2KrTN4yRj5
378403746,37h9askPREuzsw66gSkzdg1x2KrTN4yRj5
310322713,37h9askPREuzsw66gSkzdg1x2KrTN4yRj5
378403750,37h9askPREuzsw66gSkzdg1x2KrTN4yRj5
378403754,37h9askPREuzsw66gSkzdg1x2KrTN4yRj5
378403757,37h9askPREuzsw66gSkzdg1x2KrTN4yRj5
378403758,37h9askPREuzsw66gSkzdg1x2KrTN4yRj5
378403760,37h9askPREuzsw66gSkzdg1x2KrTN4yRj5
378403769,37h9askPREuzsw66gSkzdg1x2KrTN4yRj5
120548346,37h9askPREuzsw66gSkzdg1x2KrTN4yRj5
378403773,37h9askPREuzsw66gSkzdg1x2KrTN4yRj5
378403837,37h9askPREuzsw66gSkzdg1x2KrTN4yRj5
378403840,37h9askPREuzsw66gSkzdg1x2KrTN4yRj5
88938514,37h9askPREuzsw66gSkzdg1x2KrTN4yRj5
378499625,37h9askPREuzsw66gSkzdg1x2KrTN4yRj5
378499842,37h9askPREuzsw66gSkzdg1x2KrTN4yRj5
378499844,37h9askPREuzsw66gSkzdg1x2KrTN4yRj5
378499847,37h9askPREuzsw66gSkzdg1x2KrTN4yRj5
378500048,37h9askPREuzsw66gSkzdg1x2KrTN4yRj5
378500052,37h9askPREuzsw66gSkzdg1x2KrTN4yRj5
378500053,37h9askPREuzsw66gSkzdg1x2KrTN4yRj5
298119181,37h9askPREuzsw66gSkzdg1x2KrTN4yRj5
378500056,37h9askPREuzsw66gSkzdg1x2KrTN4yRj5
237583056,37h9askPREuzsw66gSkzdg1x2KrTN4yRj5
378500060,37h9askPREuzsw66gSkzdg1x2KrTN4yRj5
267596943,37h9askPREuzsw66gSkzdg1x2KrTN4yRj5
378500490,37h9askPREuzsw66gSkzdg1x2KrTN4yRj5
378500491,37h9askPREuzsw66gSkzdg1x2KrTN4yRj5
378500492,37h9askPREuzsw66gSkzdg1x2KrTN4yRj5
378500494,37h9askPREuzsw66gSkzdg1x2KrTN4yRj5
344302812,37h9askPREuzsw66gSkzdg1x2KrTN4yRj5
378500721,37h9askPREuzsw66gSkzdg1x2KrTN4yRj5
378500721,1EzSG3Btjfy91hSqwxyMDBoyrtMRzNLi6D
378500731,37h9askPREuzsw66gSkzdg1x2KrTN4yRj5
378500732,37h9askPREuzsw66gSkzdg1x2KrTN4yRj5
378500733,37h9askPREuzsw66gSkzdg1x2KrTN4yRj5
360126403,37h9askPREuzsw66gSkzdg1x2KrTN4yRj5
378500738,37h9askPREuzsw66gSkzdg1x2KrTN4yRj5
378500739,37h9askPREuzsw66gSkzdg1x2KrTN4yRj5
29503702,37h9askPREuzsw66gSkzdg1x2KrTN4yRj5
366185494,37h9askPREuzsw66gSkzdg1x2KrTN4yRj5
378586247,37h9askPREuzsw66gSkzdg1x2KrTN4yRj5
378586593,37h9askPREuzsw66gSkzdg1x2KrTN4yRj5
27622128,37h9askPREuzsw66gSkzdg1x2KrTN4yRj5
289218065,37h9askPREuzsw66gSkzdg1x2KrTN4yRj5
378586693,37h9askPREuzsw66gSkzdg1x2KrTN4yRj5
378586696,37h9askPREuzsw66gSkzdg1x2KrTN4yRj5
378586814,37h9askPREuzsw66gSkzdg1x2KrTN4yRj5
378586819,37h9askPREuzsw66gSkzdg1x2KrTN4yRj5
378586935,37h9askPREuzsw66gSkzdg1x2KrTN4yRj5
378587034,37h9askPREuzsw66gSkzdg1x2KrTN4yRj5
378587037,37h9askPREuzsw66gSkzdg1x2KrTN4yRj5
378587135,37h9askPREuzsw66gSkzdg1x2KrTN4yRj5
2226596,1Fc5QejBLfGPGep1h4Xq2p3Z7AHfdWpThC
2226596,1EzSG3Btjfy91hSqwxyMDBoyrtMRzNLi6D
268791616,1B5rHvU8ddxNCX6hSjan72WxvKnorJAZMC
87501000,1xpmKmLR2wm2hSJCnhsypmCB5d9HzsRG1
50030829,1111DAYXhoxZx2tsRnzimfozo783x1yC2
212464043,1C9deiGtSM591bN7RkRF8bqgKt8RMb13ds
212463788,1C9deiGtSM591bN7RkRF8bqgKt8RMb13ds
84452018,17pUe6Nm1hW1FKMLM3SrEiMxxYeZyTkk5b
84452029,1Mn6M8A4m8TDWRc8Tq8g8h8sRCRYFrabsS
84714618,1xpmKmLR2wm2hSJCnhsypmCB5d9HzsRG1
1219660,18VfEqbvnFcezUjxG2R6qzGRKv1ZJvdupD
1260460,1EzSG3Btjfy91hSqwxyMDBoyrtMRzNLi6D
1260557,1EzSG3Btjfy91hSqwxyMDBoyrtMRzNLi6D
1891081,18VfEqbvnFcezUjxG2R6qzGRKv1ZJvdupD
18896540,1G4aCPNSkakgxTEn6Pdw52YTtyAivVq8w5
163620145,1111DAYXhoxZx2tsRnzimfozo783x1yC2
1066033,18VfEqbvnFcezUjxG2R6qzGRKv1ZJvdupD
328838,1EzSG3Btjfy91hSqwxyMDBoyrtMRzNLi6D
20543946,17wyX4w5KgjXGhr1RhGumTjfXQyKW1aa3S
12112057,1PqEwJAkTFkymqkfKEmADhxJaY2vRHxtWc
7867126,1DNidFramQ799CxoPayk98TMVcA6ctz1Mq
97229578,1111DAYXhoxZx2tsRnzimfozo783x1yC2
97231180,1111DAYXhoxZx2tsRnzimfozo783x1yC2
94138127,1Atgq7Lh12cTM5AnBKsekWf6Y9kx8iX4x1
94138891,173SSopxuWUWR1Khg99CEV2k8F6sU7fY6Q
94139138,14bYFMoMEibtEPJD4ZuRHLhizjERqicgia
94363134,1Cn2MgZaWr9W9iedMz9kVethZe3x1ThmxM
94309857,187kdQQkJQ1bkvqGPGCoZWTBiJ27ym9Cop
94309859,15qW1RZqCfQveLHJkk9Egd8M7gAu6Crret
91941736,18TUymRHseWF3UaGneUxwug5UhxwVX1sUU
94363133,1111DAYXhoxZx2tsRnzimfozo783x1yC2
99274520,1111DAYXhoxZx2tsRnzimfozo783x1yC2
143705,1FyGps4qppFv6p8PHgM6WfWtRwcGmG6qsv
1820160,15FjYqSGgJxh5VsdxscBt759UYSE1Mteh1
219703225,1Hv8atp7ZpfrT88AFf8ew7oTSYNkcSTo46
112876603,1111DAYXhoxZx2tsRnzimfozo783x1yC2
3289046,16AFZqDU8HmDp6bF7h32aZ32ipGqSbxiAG
3394196,1AEW6z8CC164LnSYSAaKFWzzRT5Ej8BWUm
83360184,1111DAYXhoxZx2tsRnzimfozo783x1yC2